Voltage,Capacitance,ESR(est.) 20°C@100kHz,Impedance 20°C@100kHz,Case Size Diameter,Case Size Length,Dissipation Factor,ESR(est.) 20°C@120Hz,Frequency Coefficient 100kHz,Frequency Coefficient 10kHz,Frequency Coefficient 120Hz,Frequency Coefficient 1kHz,Impedance -10°C@100kHz,Part Number,Ripple Current 105°C@100kHz,VC
6.3,180,0.259,0.29,5,11,0.22,1.621,2.5,2.25,1.0,1.88,1.2,EKYB6R3E□□181ME11D,340,1134.0
6.3,390,0.187,0.15,6.3,11,0.22,0.748,2.0,1.88,1.0,1.7,0.6,EKYB6R3E□□391MF11D,540,2457.0
6.3,820,0.128,0.087,8,11.5,0.22,0.356,1.67,1.58,1.0,1.45,0.35,EKYB6R3E□□821MHB5D,840,5166.0
6.3,1200,0.095,0.069,8,15,0.22,0.265,1.67,1.58,1.0,1.45,0.28,EKYB6R3E□□122MH15D,1050,7560.0
6.3,1200,0.095,0.064,10,12.5,0.22,0.265,1.67,1.58,1.0,1.45,0.26,EKYB6R3E□□122MJC5S,1050,7560.0
6.3,1500,0.076,0.06,8,20,0.22,0.212,1.67,1.58,1.0,1.45,0.24,EKYB6R3E□□152MH20D,1210,9450.0
6.3,1800,0.063,0.049,10,16,0.22,0.177,1.67,1.58,1.0,1.45,0.2,EKYB6R3E□□182MJ16S,1400,11340.0
6.3,2200,0.089,0.037,10,20,0.22,0.157,1.33,1.27,1.0,1.2,0.15,EKYB6R3E□□222MJ20S,1650,13860.0
6.3,2700,0.072,0.031,10,25,0.22,0.128,1.33,1.27,1.0,1.2,0.13,EKYB6R3E□□272MJ25S,1910,17010.0
6.3,3300,0.064,0.027,10,30,0.22,0.113,1.33,1.27,1.0,1.2,0.11,EKYB6R3E□□332MJ30S,2230,20790.0
6.3,3900,0.054,0.027,12.5,20,0.22,0.095,1.33,1.27,1.0,1.2,0.11,EKYB6R3E□□392MK20S,2230,24570.0
6.3,4700,0.061,0.024,12.5,25,0.22,0.085,1.18,1.15,1.0,1.12,0.096,EKYB6R3E□□472MK25S,2530,29610.0
6.3,6800,0.066,0.021,12.5,30,0.22,0.066,,,,,0.084,EKYB6R3E□□682MK30S,2860,42840.0
6.3,6800,0.066,0.025,16,20,0.22,0.066,,,,,0.1,EKYB6R3E□□682ML20S,2610,42840.0
6.3,8200,0.061,0.018,12.5,35,0.22,0.061,,,,,0.072,EKYB6R3E□□822MK35S,3140,51660.0
6.3,8200,0.061,0.021,18,20,0.22,0.061,,,,,0.084,EKYB6R3E□□822MM20S,3000,51660.0
6.3,10000,0.056,0.017,12.5,40,0.22,0.056,,,,,0.068,EKYB6R3E□□103MK40S,3640,63000.0
6.3,10000,0.056,0.02,16,25,0.22,0.056,,,,,0.08,EKYB6R3E□□103ML25S,3140,63000.0
6.3,12000,0.051,0.016,16,31.5,0.22,0.051,,,,,0.064,EKYB6R3E□□123MLN3S,3610,75600.0
6.3,12000,0.051,0.017,18,25,0.22,0.051,,,,,0.068,EKYB6R3E□□123MM25S,3530,75600.0
6.3,15000,0.046,0.014,16,35.5,0.22,0.046,,,,,0.056,EKYB6R3E□□153MLP1S,4080,94500.0
6.3,15000,0.046,0.014,18,31.5,0.22,0.046,,,,,0.056,EKYB6R3E□□153MMN3S,4220,94500.0
6.3,18000,0.043,0.013,16,40,0.22,0.043,,,,,0.052,EKYB6R3E□□183ML40S,4220,113400.0
6.3,18000,0.043,0.012,18,35.5,0.22,0.043,,,,,0.048,EKYB6R3E□□183MMP1S,4280,113400.0
6.3,22000,0.04,0.011,18,40,0.22,0.04,,,,,0.044,EKYB6R3E□□223MM40S,4700,138600.0
10,120,0.336,0.29,5,11,0.19,2.1,2.5,2.25,1.0,1.88,1.2,EKYB100E□□121ME11D,340,1200.0
10,330,0.191,0.15,6.3,11,0.19,0.764,2.0,1.88,1.0,1.7,0.6,EKYB100E□□331MF11D,540,3300.0
10,560,0.112,0.087,8,11.5,0.19,0.45,2.0,1.88,1.0,1.7,0.35,EKYB100E□□561MHB5D,840,5600.0
10,820,0.11,0.069,8,15,0.19,0.307,1.67,1.58,1.0,1.45,0.28,EKYB100E□□821MH15D,1050,8200.0
10,1000,0.1,0.06,8,20,0.19,0.279,1.67,1.58,1.0,1.45,0.24,EKYB100E□□102MH20D,1210,10000.0
10,1000,0.1,0.064,10,12.5,0.19,0.279,1.67,1.58,1.0,1.45,0.26,EKYB100E□□102MJC5S,1050,10000.0
10,1200,0.083,0.049,10,16,0.19,0.232,1.67,1.58,1.0,1.45,0.2,EKYB100E□□122MJ16S,1400,12000.0
10,1800,0.055,0.037,10,20,0.19,0.155,1.67,1.58,1.0,1.45,0.15,EKYB100E□□182MJ20S,1650,18000.0
10,2200,0.078,0.031,10,25,0.19,0.139,1.33,1.27,1.0,1.2,0.13,EKYB100E□□222MJ25S,1910,22000.0
10,2700,0.064,0.027,10,30,0.19,0.113,1.33,1.27,1.0,1.2,0.11,EKYB100E□□272MJ30S,2230,27000.0
10,2700,0.064,0.027,12.5,20,0.19,0.113,1.33,1.27,1.0,1.2,0.11,EKYB100E□□272MK20S,2230,27000.0
10,3900,0.048,0.024,12.5,25,0.19,0.085,1.33,1.27,1.0,1.2,0.096,EKYB100E□□392MK25S,2530,39000.0
10,4700,0.055,0.021,12.5,30,0.19,0.076,1.18,1.15,1.0,1.12,0.084,EKYB100E□□472MK30S,2860,47000.0
10,4700,0.055,0.025,16,20,0.19,0.076,1.18,1.15,1.0,1.12,0.1,EKYB100E□□472ML20S,2610,47000.0
10,5600,0.069,0.018,12.5,35,0.19,0.069,,,,,0.072,EKYB100E□□562MK35S,3140,56000.0
10,6800,0.06,0.017,12.5,40,0.19,0.06,,,,,0.068,EKYB100E□□682MK40S,3640,68000.0
10,6800,0.06,0.02,16,25,0.19,0.06,,,,,0.08,EKYB100E□□682ML25S,3140,68000.0
10,6800,0.06,0.021,18,20,0.19,0.06,,,,,0.084,EKYB100E□□682MM20S,3000,68000.0
10,8200,0.057,0.016,16,31.5,0.19,0.057,,,,,0.064,EKYB100E□□822MLN3S,3610,82000.0
10,8200,0.057,0.017,18,25,0.19,0.057,,,,,0.068,EKYB100E□□822MM25S,3530,82000.0
10,10000,0.052,0.014,16,35.5,0.19,0.052,,,,,0.056,EKYB100E□□103MLP1S,4080,100000.0
10,10000,0.052,0.014,18,31.5,0.19,0.052,,,,,0.056,EKYB100E□□103MMN3S,4220,100000.0
10,12000,0.048,0.013,16,40,0.19,0.048,,,,,0.052,EKYB100E□□123ML40S,4220,120000.0
10,12000,0.048,0.012,18,35.5,0.19,0.048,,,,,0.048,EKYB100E□□123MMP1S,4280,120000.0
10,15000,0.043,0.011,18,40,0.19,0.043,,,,,0.044,EKYB100E□□153MM40S,4700,150000.0
16,120,0.283,0.29,5,11,0.16,1.768,2.5,2.25,1.0,1.88,1.2,EKYB160E□□121ME11D,340,1920.0
16,270,0.196,0.15,6.3,11,0.16,0.786,2.0,1.88,1.0,1.7,0.6,EKYB160E□□271MF11D,540,4320.0
16,470,0.113,0.087,8,11.5,0.16,0.452,2.0,1.88,1.0,1.7,0.35,EKYB160E□□471MHB5D,840,7520.0
16,680,0.112,0.069,8,15,0.16,0.312,1.67,1.58,1.0,1.45,0.28,EKYB160E□□681MH15D,1050,10880.0
16,680,0.112,0.064,10,12.5,0.16,0.312,1.67,1.58,1.0,1.45,0.26,EKYB160E□□681MJC5S,1050,10880.0
16,820,0.093,0.06,8,20,0.16,0.259,1.67,1.58,1.0,1.45,0.24,EKYB160E□□821MH20D,1210,13120.0
16,1000,0.086,0.049,10,16,0.16,0.239,1.67,1.58,1.0,1.45,0.2,EKYB160E□□102MJ16S,1400,16000.0
16,1500,0.057,0.037,10,20,0.16,0.159,1.67,1.58,1.0,1.45,0.15,EKYB160E□□152MJ20S,1650,24000.0
16,1800,0.048,0.031,10,25,0.16,0.133,1.67,1.58,1.0,1.45,0.13,EKYB160E□□182MJ25S,1910,28800.0
16,2200,0.068,0.027,10,30,0.16,0.121,1.33,1.27,1.0,1.2,0.11,EKYB160E□□222MJ30S,2230,35200.0
16,2200,0.068,0.027,12.5,20,0.16,0.121,1.33,1.27,1.0,1.2,0.11,EKYB160E□□222MK20S,2230,35200.0
16,3300,0.05,0.024,12.5,25,0.16,0.088,1.33,1.27,1.0,1.2,0.096,EKYB160E□□332MK25S,2530,52800.0
16,3900,0.042,0.021,12.5,30,0.16,0.075,1.33,1.27,1.0,1.2,0.084,EKYB160E□□392MK30S,2860,62400.0
16,3900,0.042,0.025,16,20,0.16,0.075,1.33,1.27,1.0,1.2,0.1,EKYB160E□□392ML20S,2610,62400.0
16,4700,0.049,0.018,12.5,35,0.16,0.068,1.18,1.15,1.0,1.12,0.072,EKYB160E□□472MK35S,3140,75200.0
16,4700,0.049,0.021,18,20,0.16,0.068,1.18,1.15,1.0,1.12,0.084,EKYB160E□□472MM20S,3000,75200.0
16,5600,0.062,0.017,12.5,40,0.16,0.062,,,,,0.068,EKYB160E□□562MK40S,3640,89600.0
16,5600,0.062,0.02,16,25,0.16,0.062,,,,,0.08,EKYB160E□□562ML25S,3140,89600.0
16,6800,0.055,0.016,16,31.5,0.16,0.055,,,,,0.064,EKYB160E□□682MLN3S,3610,108800.0
16,6800,0.055,0.017,18,25,0.16,0.055,,,,,0.068,EKYB160E□□682MM25S,3530,108800.0
16,8200,0.052,0.014,16,35.5,0.16,0.052,,,,,0.056,EKYB160E□□822MLP1S,4080,131200.0
16,8200,0.052,0.014,18,31.5,0.16,0.052,,,,,0.056,EKYB160E□□822MMN3S,4220,131200.0
16,10000,0.048,0.013,16,40,0.16,0.048,,,,,0.052,EKYB160E□□103ML40S,4220,160000.0
16,10000,0.048,0.012,18,35.5,0.16,0.048,,,,,0.048,EKYB160E□□103MMP1S,4280,160000.0
16,12000,0.044,0.011,18,40,0.16,0.044,,,,,0.044,EKYB160E□□123MM40S,4700,192000.0
25,82,0.362,0.29,5,11,0.14,2.264,2.5,2.25,1.0,1.88,1.2,EKYB250E□□820ME11D,340,2050.0
25,150,0.198,0.15,6.3,11,0.14,1.238,2.5,2.25,1.0,1.88,0.6,EKYB250E□□151MF11D,540,3750.0
25,330,0.141,0.087,8,11.5,0.14,0.563,2.0,1.88,1.0,1.7,0.35,EKYB250E□□331MHB5D,840,8250.0
25,390,0.119,0.069,8,15,0.14,0.476,2.0,1.88,1.0,1.7,0.28,EKYB250E□□391MH15D,1050,9750.0
25,470,0.099,0.064,10,12.5,0.14,0.395,2.0,1.88,1.0,1.7,0.26,EKYB250E□□471MJC5S,1050,11750.0
25,560,0.083,0.06,8,20,0.14,0.332,2.0,1.88,1.0,1.7,0.24,EKYB250E□□561MH20D,1210,14000.0
25,680,0.098,0.049,10,16,0.14,0.273,1.67,1.58,1.0,1.45,0.2,EKYB250E□□681MJ16S,1400,17000.0
25,1000,0.076,0.037,10,20,0.14,0.212,1.67,1.58,1.0,1.45,0.15,EKYB250E□□102MJ20S,1650,25000.0
25,1200,0.063,0.031,10,25,0.14,0.177,1.67,1.58,1.0,1.45,0.13,EKYB250E□□122MJ25S,1910,30000.0
25,1500,0.051,0.027,10,30,0.14,0.141,1.67,1.58,1.0,1.45,0.11,EKYB250E□□152MJ30S,2230,37500.0
25,1500,0.051,0.027,12.5,20,0.14,0.141,1.67,1.58,1.0,1.45,0.11,EKYB250E□□152MK20S,2230,37500.0
25,2200,0.061,0.024,12.5,25,0.14,0.109,1.33,1.27,1.0,1.2,0.096,EKYB250E□□222MK25S,2530,55000.0
25,2700,0.05,0.021,12.5,30,0.14,0.088,1.33,1.27,1.0,1.2,0.084,EKYB250E□□272MK30S,2860,67500.0
25,2700,0.05,0.025,16,20,0.14,0.088,1.33,1.27,1.0,1.2,0.1,EKYB250E□□272ML20S,2610,67500.0
25,3300,0.045,0.018,12.5,35,0.14,0.08,1.33,1.27,1.0,1.2,0.072,EKYB250E□□332MK35S,3140,82500.0
25,3300,0.045,0.021,18,20,0.14,0.08,1.33,1.27,1.0,1.2,0.084,EKYB250E□□332MM20S,3000,82500.0
25,3900,0.038,0.017,12.5,40,0.14,0.068,1.33,1.27,1.0,1.2,0.068,EKYB250E□□392MK40S,3640,97500.0
25,3900,0.038,0.02,16,25,0.14,0.068,1.33,1.27,1.0,1.2,0.08,EKYB250E□□392ML25S,3140,97500.0
25,4700,0.045,0.016,16,31.5,0.14,0.062,1.18,1.15,1.0,1.12,0.064,EKYB250E□□472MLN3S,3610,117500.0
25,4700,0.045,0.017,18,25,0.14,0.062,1.18,1.15,1.0,1.12,0.068,EKYB250E□□472MM25S,3530,117500.0
25,5600,0.057,0.014,16,35.5,0.14,0.057,,,,,0.056,EKYB250E□□562MLP1S,4080,140000.0
25,6800,0.051,0.013,16,40,0.14,0.051,,,,,0.052,EKYB250E□□682ML40S,4220,170000.0
25,6800,0.051,0.014,18,31.5,0.14,0.051,,,,,0.056,EKYB250E□□682MMN3S,4220,170000.0
25,8200,0.049,0.012,18,35.5,0.14,0.049,,,,,0.048,EKYB250E□□822MMP1S,4280,205000.0
35,47,0.542,0.29,5,11,0.12,3.386,2.5,2.25,1.0,1.88,1.2,EKYB350E□□470ME11D,340,1645.0
35,100,0.255,0.15,6.3,11,0.12,1.592,2.5,2.25,1.0,1.88,0.6,EKYB350E□□101MF11D,540,3500.0
35,180,0.141,0.087,8,11.5,0.12,0.884,2.5,2.25,1.0,1.88,0.35,EKYB350E□□181MHB5D,840,6300.0
35,270,0.147,0.069,8,15,0.12,0.589,2.0,1.88,1.0,1.7,0.28,EKYB350E□□271MH15D,1050,9450.0
35,330,0.121,0.06,8,20,0.12,0.482,2.0,1.88,1.0,1.7,0.24,EKYB350E□□331MH20D,1210,11550.0
35,330,0.121,0.064,10,12.5,0.12,0.482,2.0,1.88,1.0,1.7,0.26,EKYB350E□□331MJC5S,1050,11550.0
35,470,0.085,0.049,10,16,0.12,0.339,2.0,1.88,1.0,1.7,0.2,EKYB350E□□471MJ16S,1400,16450.0
35,680,0.084,0.037,10,20,0.12,0.234,1.67,1.58,1.0,1.45,0.15,EKYB350E□□681MJ20S,1650,23800.0
35,820,0.07,0.031,10,25,0.12,0.194,1.67,1.58,1.0,1.45,0.13,EKYB350E□□821MJ25S,1910,28700.0
35,1000,0.067,0.027,10,30,0.12,0.186,1.67,1.58,1.0,1.45,0.11,EKYB350E□□102MJ30S,2230,35000.0
35,1000,0.067,0.027,12.5,20,0.12,0.186,1.67,1.58,1.0,1.45,0.11,EKYB350E□□102MK20S,2230,35000.0
35,1500,0.044,0.024,12.5,25,0.12,0.124,1.67,1.58,1.0,1.45,0.096,EKYB350E□□152MK25S,2530,52500.0
35,1800,0.037,0.021,12.5,30,0.12,0.103,1.67,1.58,1.0,1.45,0.084,EKYB350E□□182MK30S,2860,63000.0
35,1800,0.037,0.025,16,20,0.12,0.103,1.67,1.58,1.0,1.45,0.1,EKYB350E□□182ML20S,2610,63000.0
35,2200,0.055,0.018,12.5,35,0.12,0.096,1.33,1.27,1.0,1.2,0.072,EKYB350E□□222MK35S,3140,77000.0
35,2200,0.055,0.021,18,20,0.12,0.096,1.33,1.27,1.0,1.2,0.084,EKYB350E□□222MM20S,3000,77000.0
35,2700,0.044,0.017,12.5,40,0.12,0.079,1.33,1.27,1.0,1.2,0.068,EKYB350E□□272MK40S,3640,94500.0
35,2700,0.044,0.02,16,25,0.12,0.079,1.33,1.27,1.0,1.2,0.08,EKYB350E□□272ML25S,3140,94500.0
35,3300,0.041,0.016,16,31.5,0.12,0.072,1.33,1.27,1.0,1.2,0.064,EKYB350E□□332MLN3S,3610,115500.0
35,3300,0.041,0.017,18,25,0.12,0.072,1.33,1.27,1.0,1.2,0.068,EKYB350E□□332MM25S,3530,115500.0
35,3900,0.035,0.014,16,35.5,0.12,0.061,1.33,1.27,1.0,1.2,0.056,EKYB350E□□392MLP1S,4080,136500.0
35,4700,0.041,0.013,16,40,0.12,0.056,1.18,1.15,1.0,1.12,0.052,EKYB350E□□472ML40S,4220,164500.0
35,4700,0.041,0.014,18,31.5,0.12,0.056,1.18,1.15,1.0,1.12,0.056,EKYB350E□□472MMN3S,4220,164500.0
35,5600,0.052,0.012,18,35.5,0.12,0.052,,,,,0.048,EKYB350E□□562MMP1S,4280,196000.0
50,27,0.786,0.48,5,11,0.1,4.912,2.5,2.25,1.0,1.88,2.0,EKYB500E□□270ME11D,238,1350.0
50,56,0.379,0.2,6.3,11,0.1,2.368,2.5,2.25,1.0,1.88,0.8,EKYB500E□□560MF11D,385,2800.0
50,100,0.212,0.12,8,11.5,0.1,1.326,2.5,2.25,1.0,1.88,0.48,EKYB500E□□101MHB5D,620,5000.0
50,150,0.141,0.093,8,15,0.1,0.884,2.5,2.25,1.0,1.88,0.38,EKYB500E□□151MH15D,810,7500.0
50,150,0.141,0.1,10,12.5,0.1,0.884,2.5,2.25,1.0,1.88,0.4,EKYB500E□□151MJC5S,810,7500.0
50,180,0.118,0.075,8,20,0.1,0.737,2.5,2.25,1.0,1.88,0.3,EKYB500E□□181MH20D,980,9000.0
50,220,0.151,0.069,10,16,0.1,0.603,2.0,1.88,1.0,1.7,0.28,EKYB500E□□221MJ16S,1100,11000.0
50,270,0.123,0.055,10,20,0.1,0.491,2.0,1.88,1.0,1.7,0.22,EKYB500E□□271MJ20S,1300,13500.0
50,390,0.085,0.043,10,25,0.1,0.34,2.0,1.88,1.0,1.7,0.18,EKYB500E□□391MJ25S,1600,19500.0
50,470,0.071,0.038,10,30,0.1,0.282,2.0,1.88,1.0,1.7,0.16,EKYB500E□□471MJ30S,1820,23500.0
50,470,0.071,0.034,12.5,20,0.1,0.282,2.0,1.88,1.0,1.7,0.14,EKYB500E□□471MK20S,1820,23500.0
50,680,0.07,0.03,12.5,25,0.1,0.195,1.67,1.58,1.0,1.45,0.12,EKYB500E□□681MK25S,2100,34000.0
50,820,0.058,0.025,12.5,30,0.1,0.162,1.67,1.58,1.0,1.45,0.1,EKYB500E□□821MK30S,2450,41000.0
50,820,0.058,0.028,16,20,0.1,0.162,1.67,1.58,1.0,1.45,0.12,EKYB500E□□821ML20S,2350,41000.0
50,1000,0.057,0.021,12.5,35,0.1,0.159,1.67,1.58,1.0,1.45,0.084,EKYB500E□□102MK35S,2800,50000.0
50,1000,0.057,0.025,18,20,0.1,0.159,1.67,1.58,1.0,1.45,0.1,EKYB500E□□102MM20S,2600,50000.0
50,1200,0.048,0.019,12.5,40,0.1,0.133,1.67,1.58,1.0,1.45,0.076,EKYB500E□□122MK40S,3100,60000.0
50,1200,0.048,0.024,16,25,0.1,0.133,1.67,1.58,1.0,1.45,0.096,EKYB500E□□122ML25S,2750,60000.0
50,1500,0.038,0.019,16,31.5,0.1,0.106,1.67,1.58,1.0,1.45,0.076,EKYB500E□□152MLN3S,3150,75000.0
50,1500,0.038,0.021,18,25,0.1,0.106,1.67,1.58,1.0,1.45,0.084,EKYB500E□□152MM25S,2890,75000.0
50,1800,0.032,0.016,16,35.5,0.1,0.088,1.67,1.58,1.0,1.45,0.064,EKYB500E□□182MLP1S,3550,90000.0
50,2200,0.048,0.014,16,40,0.1,0.084,1.33,1.27,1.0,1.2,0.056,EKYB500E□□222ML40S,3900,110000.0
50,2200,0.048,0.014,18,31.5,0.1,0.084,1.33,1.27,1.0,1.2,0.056,EKYB500E□□222MMN3S,3800,110000.0
50,2700,0.039,0.013,18,35.5,0.1,0.069,1.33,1.27,1.0,1.2,0.052,EKYB500E□□272MMP1S,4100,135000.0
63,18,1.061,0.5,5,11,0.09,6.631,2.5,2.25,1.0,1.88,2.0,EKYB630E□□180ME11D,220,1134.0
63,33,0.579,0.25,6.3,11,0.09,3.617,2.5,2.25,1.0,1.88,1.0,EKYB630E□□330MF11D,350,2079.0
63,56,0.341,0.16,8,11.5,0.09,2.132,2.5,2.25,1.0,1.88,0.64,EKYB630E□□560MHB5D,530,3528.0
63,82,0.233,0.12,8,15,0.09,1.456,2.5,2.25,1.0,1.88,0.48,EKYB630E□□820MH15D,700,5166.0
63,120,0.159,0.085,8,20,0.09,0.995,2.5,2.25,1.0,1.88,0.34,EKYB630E□□121MH20D,880,7560.0
63,120,0.159,0.11,10,12.5,0.09,0.995,2.5,2.25,1.0,1.88,0.44,EKYB630E□□121MJC5S,725,7560.0
63,180,0.106,0.073,10,16,0.09,0.663,2.5,2.25,1.0,1.88,0.3,EKYB630E□□181MJ16S,1050,11340.0
63,220,0.136,0.055,10,20,0.09,0.543,2.0,1.88,1.0,1.7,0.22,EKYB630E□□221MJ20S,1300,13860.0
63,330,0.09,0.045,10,25,0.09,0.362,2.0,1.88,1.0,1.7,0.18,EKYB630E□□331MJ25S,1550,20790.0
63,390,0.077,0.04,10,30,0.09,0.306,2.0,1.88,1.0,1.7,0.16,EKYB630E□□391MJ30S,1780,24570.0
63,390,0.077,0.036,12.5,20,0.09,0.306,2.0,1.88,1.0,1.7,0.15,EKYB630E□□391MK20S,1780,24570.0
63,560,0.053,0.03,12.5,25,0.09,0.213,2.0,1.88,1.0,1.7,0.12,EKYB630E□□561MK25S,2100,35280.0
63,680,0.063,0.026,12.5,30,0.09,0.176,1.67,1.58,1.0,1.45,0.11,EKYB630E□□681MK30S,2415,42840.0
63,680,0.063,0.028,16,20,0.09,0.176,1.67,1.58,1.0,1.45,0.12,EKYB630E□□681ML20S,2250,42840.0
63,820,0.052,0.022,12.5,35,0.09,0.146,1.67,1.58,1.0,1.45,0.088,EKYB630E□□821MK35S,2700,51660.0
63,820,0.052,0.028,18,20,0.09,0.146,1.67,1.58,1.0,1.45,0.12,EKYB630E□□821MM20S,2500,51660.0
63,1000,0.052,0.02,12.5,40,0.09,0.146,1.67,1.58,1.0,1.45,0.08,EKYB630E□□102MK40S,3000,63000.0
63,1000,0.052,0.025,16,25,0.09,0.146,1.67,1.58,1.0,1.45,0.1,EKYB630E□□102ML25S,2730,63000.0
63,1200,0.044,0.02,16,31.5,0.09,0.122,1.67,1.58,1.0,1.45,0.08,EKYB630E□□122MLN3S,3000,75600.0
63,1200,0.044,0.022,18,25,0.09,0.122,1.67,1.58,1.0,1.45,0.088,EKYB630E□□122MM25S,2800,75600.0
63,1500,0.035,0.018,16,35.5,0.09,0.097,1.67,1.58,1.0,1.45,0.072,EKYB630E□□152MLP1S,3200,94500.0
63,1500,0.035,0.018,18,31.5,0.09,0.097,1.67,1.58,1.0,1.45,0.072,EKYB630E□□152MMN3S,3300,94500.0
63,1800,0.029,0.016,16,40,0.09,0.081,1.67,1.58,1.0,1.45,0.064,EKYB630E□□182ML40S,3590,113400.0
63,1800,0.029,0.017,18,35.5,0.09,0.081,1.67,1.58,1.0,1.45,0.068,EKYB630E□□182MMP1S,3570,113400.0
63,2200,0.044,0.016,18,40,0.09,0.078,1.33,1.27,1.0,1.2,0.064,EKYB630E□□222MM40S,3670,138600.0
80,12,1.592,0.8,5,11,0.09,9.947,2.5,2.25,1.0,1.88,3.2,EKYB800E□□120ME11D,163,960.0
80,22,0.868,0.43,6.3,11,0.09,5.426,2.5,2.25,1.0,1.88,1.8,EKYB800E□□220MF11D,267,1760.0
80,39,0.49,0.18,8,11.5,0.09,3.061,2.5,2.25,1.0,1.88,0.72,EKYB800E□□390MHB5D,462,3120.0
80,56,0.341,0.14,8,15,0.09,2.132,2.5,2.25,1.0,1.88,0.56,EKYB800E□□560MH15D,585,4480.0
80,82,0.233,0.11,8,20,0.09,1.456,2.5,2.25,1.0,1.88,0.44,EKYB800E□□820MH20D,735,6560.0
80,82,0.233,0.14,10,12.5,0.09,1.456,2.5,2.25,1.0,1.88,0.56,EKYB800E□□820MJC5S,624,6560.0
80,120,0.159,0.1,10,16,0.09,0.995,2.5,2.25,1.0,1.88,0.4,EKYB800E□□121MJ16S,780,9600.0
80,180,0.106,0.075,10,20,0.09,0.663,2.5,2.25,1.0,1.88,0.3,EKYB800E□□181MJ20S,1040,14400.0
80,220,0.136,0.06,10,25,0.09,0.543,2.0,1.88,1.0,1.7,0.24,EKYB800E□□221MJ25S,1170,17600.0
80,270,0.111,0.053,10,30,0.09,0.442,2.0,1.88,1.0,1.7,0.22,EKYB800E□□271MJ30S,1350,21600.0
80,270,0.111,0.048,12.5,20,0.09,0.442,2.0,1.88,1.0,1.7,0.2,EKYB800E□□271MK20S,1430,21600.0
80,390,0.077,0.039,12.5,25,0.09,0.306,2.0,1.88,1.0,1.7,0.16,EKYB800E□□391MK25S,1620,31200.0
80,470,0.063,0.033,12.5,30,0.09,0.254,2.0,1.88,1.0,1.7,0.14,EKYB800E□□471MK30S,1950,37600.0
80,470,0.063,0.036,16,20,0.09,0.254,2.0,1.88,1.0,1.7,0.15,EKYB800E□□471ML20S,1750,37600.0
80,560,0.053,0.026,12.5,35,0.09,0.213,2.0,1.88,1.0,1.7,0.11,EKYB800E□□561MK35S,2250,44800.0
80,560,0.053,0.032,18,20,0.09,0.213,2.0,1.88,1.0,1.7,0.13,EKYB800E□□561MM20S,2100,44800.0
80,680,0.063,0.024,12.5,40,0.09,0.176,1.67,1.58,1.0,1.45,0.096,EKYB800E□□681MK40S,2450,54400.0
80,680,0.063,0.028,16,25,0.09,0.176,1.67,1.58,1.0,1.45,0.12,EKYB800E□□681ML25S,2250,54400.0
80,820,0.052,0.022,16,31.5,0.09,0.146,1.67,1.58,1.0,1.45,0.088,EKYB800E□□821MLN3S,2400,65600.0
80,820,0.052,0.027,18,25,0.09,0.146,1.67,1.58,1.0,1.45,0.11,EKYB800E□□821MM25S,2270,65600.0
80,1000,0.052,0.02,16,35.5,0.09,0.146,1.67,1.58,1.0,1.45,0.08,EKYB800E□□102MLP1S,2600,80000.0
80,1200,0.044,0.018,16,40,0.09,0.122,1.67,1.58,1.0,1.45,0.072,EKYB800E□□122ML40S,2900,96000.0
80,1200,0.044,0.02,18,31.5,0.09,0.122,1.67,1.58,1.0,1.45,0.08,EKYB800E□□122MMN3S,2550,96000.0
80,1500,0.035,0.018,18,35.5,0.09,0.097,1.67,1.58,1.0,1.45,0.072,EKYB800E□□152MMP1S,3050,120000.0
100,6.8,2.497,0.8,5,11,0.08,15.603,2.5,2.25,1.0,1.88,3.2,EKYB101E□□6R8ME11D,163,680.0
100,15,1.132,0.43,6.3,11,0.08,7.074,2.5,2.25,1.0,1.88,1.8,EKYB101E□□150MF11D,267,1500.0
100,27,0.629,0.18,8,11.5,0.08,3.93,2.5,2.25,1.0,1.88,0.72,EKYB101E□□270MHB5D,462,2700.0
100,39,0.435,0.14,8,15,0.08,2.721,2.5,2.25,1.0,1.88,0.56,EKYB101E□□390MH15D,585,3900.0
100,56,0.303,0.11,8,20,0.08,1.895,2.5,2.25,1.0,1.88,0.44,EKYB101E□□560MH20D,735,5600.0
100,56,0.303,0.14,10,12.5,0.08,1.895,2.5,2.25,1.0,1.88,0.56,EKYB101E□□560MJC5S,624,5600.0
100,82,0.207,0.1,10,16,0.08,1.294,2.5,2.25,1.0,1.88,0.4,EKYB101E□□820MJ16S,780,8200.0
100,100,0.17,0.075,10,20,0.08,1.061,2.5,2.25,1.0,1.88,0.3,EKYB101E□□101MJ20S,1040,10000.0
100,120,0.141,0.06,10,25,0.08,0.884,2.5,2.25,1.0,1.88,0.24,EKYB101E□□121MJ25S,1170,12000.0
100,150,0.113,0.053,10,30,0.08,0.707,2.5,2.25,1.0,1.88,0.22,EKYB101E□□151MJ30S,1350,15000.0
100,180,0.094,0.048,12.5,20,0.08,0.589,2.5,2.25,1.0,1.88,0.2,EKYB101E□□181MK20S,1430,18000.0
100,220,0.121,0.039,12.5,25,0.08,0.482,2.0,1.88,1.0,1.7,0.16,EKYB101E□□221MK25S,1620,22000.0
100,270,0.098,0.033,12.5,30,0.08,0.393,2.0,1.88,1.0,1.7,0.14,EKYB101E□□271MK30S,1950,27000.0
100,270,0.098,0.036,16,20,0.08,0.393,2.0,1.88,1.0,1.7,0.15,EKYB101E□□271ML20S,1750,27000.0
100,330,0.08,0.028,16,25,0.08,0.322,2.0,1.88,1.0,1.7,0.12,EKYB101E□□331ML25S,2250,33000.0
100,390,0.068,0.026,12.5,35,0.08,0.272,2.0,1.88,1.0,1.7,0.11,EKYB101E□□391MK35S,2250,39000.0
100,390,0.068,0.032,18,20,0.08,0.272,2.0,1.88,1.0,1.7,0.13,EKYB101E□□391MM20S,2100,39000.0
100,470,0.056,0.024,12.5,40,0.08,0.226,2.0,1.88,1.0,1.7,0.096,EKYB101E□□471MK40S,2450,47000.0
100,470,0.056,0.022,16,31.5,0.08,0.226,2.0,1.88,1.0,1.7,0.088,EKYB101E□□471MLN3S,2400,47000.0
100,560,0.047,0.02,16,35.5,0.08,0.189,2.0,1.88,1.0,1.7,0.08,EKYB101E□□561MLP1S,2600,56000.0
100,560,0.047,0.027,18,25,0.08,0.189,2.0,1.88,1.0,1.7,0.11,EKYB101E□□561MM25S,2270,56000.0
100,680,0.056,0.018,16,40,0.08,0.156,1.67,1.58,1.0,1.45,0.072,EKYB101E□□681ML40S,2900,68000.0
100,680,0.056,0.02,18,31.5,0.08,0.156,1.67,1.58,1.0,1.45,0.08,EKYB101E□□681MMN3S,2550,68000.0
100,820,0.046,0.018,18,35.5,0.08,0.129,1.67,1.58,1.0,1.45,0.072,EKYB101E□□821MMP1S,3050,82000.0
100,1000,0.048,0.017,18,40,0.08,0.133,1.67,1.58,1.0,1.45,0.068,EKYB101E□□102MM40S,3510,100000.0
